{"metadata":{"kernel_spec":{"name":"SQL","language":"sql","display_name":"SQL"},"language_info":{"name":"sql","version":""}},"nbformat":4,"nbformat_minor":2,"cells":[{"cell_type":"markdown","source":["# [dbo].[Bill]"],"metadata":{"urn":"Server[@Name='VUXPHUC']/Database[@Name='HE140168']/Table[@Name='Bill' and @Schema='dbo']","object_type":"Table"}},{"outputs":[],"execution_count":0,"cell_type":"code","source":["USE [HE140168]\r\n","GO\r\n"],"metadata":{"urn":"Server[@Name='VUXPHUC']/Database[@Name='HE140168']/Table[@Name='Bill' and @Schema='dbo']","object_type":"Table"}},{"outputs":[],"execution_count":0,"cell_type":"code","source":["/****** Object:  Table [dbo].[Bill]    Script Date: 8/25/2021 10:29:51 PM ******/\r\nSET ANSI_NULLS ON\r\n","GO\r\n","SET QUOTED_IDENTIFIER ON\r\n","GO\r\n","CREATE TABLE [dbo].[Bill](\r\n\t[Bid] [int] NOT NULL,\r\n\t[datecreate] [datetime] NULL,\r\n\t[total] [money] NULL,\r\n\t[buyName] [nvarchar](50) NULL,\r\n\t[buyAddress] [nvarchar](200) NULL,\r\n\t[buyPhone] [varchar](12) NULL,\r\nPRIMARY KEY CLUSTERED \r\n(\r\n\t[Bid] ASC\r\n)WITH (PAD_INDEX = OFF, STATISTICS_NORECOMPUTE = OFF, IGNORE_DUP_KEY = OFF, ALLOW_ROW_LOCKS = ON, ALLOW_PAGE_LOCKS = ON, OPTIMIZE_FOR_SEQUENTIAL_KEY = OFF) ON [PRIMARY]\r\n) ON [PRIMARY]\r\nGO\r\n"],"metadata":{"urn":"Server[@Name='VUXPHUC']/Database[@Name='HE140168']/Table[@Name='Bill' and @Schema='dbo']","object_type":"Table"}},{"cell_type":"markdown","source":["# [dbo].[BillDetail]"],"metadata":{"urn":"Server[@Name='VUXPHUC']/Database[@Name='HE140168']/Table[@Name='BillDetail' and @Schema='dbo']","object_type":"Table"}},{"outputs":[],"execution_count":0,"cell_type":"code","source":["/****** Object:  Table [dbo].[BillDetail]    Script Date: 8/25/2021 10:29:52 PM ******/\r\nSET ANSI_NULLS ON\r\n","GO\r\n","SET QUOTED_IDENTIFIER ON\r\n","GO\r\n","CREATE TABLE [dbo].[BillDetail](\r\n\t[Bid] [int] NOT NULL,\r\n\t[Pid] [int] NOT NULL,\r\n\t[quantity] [int] NULL,\r\n\t[price] [money] NULL\r\n) ON [PRIMARY]\r\nGO\r\n"],"metadata":{"urn":"Server[@Name='VUXPHUC']/Database[@Name='HE140168']/Table[@Name='BillDetail' and @Schema='dbo']","object_type":"Table"}},{"cell_type":"markdown","source":["# [dbo].[Category]"],"metadata":{"urn":"Server[@Name='VUXPHUC']/Database[@Name='HE140168']/Table[@Name='Category' and @Schema='dbo']","object_type":"Table"}},{"outputs":[],"execution_count":0,"cell_type":"code","source":["/****** Object:  Table [dbo].[Category]    Script Date: 8/25/2021 10:29:52 PM ******/\r\nSET ANSI_NULLS ON\r\n","GO\r\n","SET QUOTED_IDENTIFIER ON\r\n","GO\r\n","CREATE TABLE [dbo].[Category](\r\n\t[CaId] [int] NOT NULL,\r\n\t[CaName] [nvarchar](50) NULL,\r\nPRIMARY KEY CLUSTERED \r\n(\r\n\t[CaId] ASC\r\n)WITH (PAD_INDEX = OFF, STATISTICS_NORECOMPUTE = OFF, IGNORE_DUP_KEY = OFF, ALLOW_ROW_LOCKS = ON, ALLOW_PAGE_LOCKS = ON, OPTIMIZE_FOR_SEQUENTIAL_KEY = OFF) ON [PRIMARY]\r\n) ON [PRIMARY]\r\nGO\r\n"],"metadata":{"urn":"Server[@Name='VUXPHUC']/Database[@Name='HE140168']/Table[@Name='Category' and @Schema='dbo']","object_type":"Table"}},{"cell_type":"markdown","source":["# [dbo].[Customer]"],"metadata":{"urn":"Server[@Name='VUXPHUC']/Database[@Name='HE140168']/Table[@Name='Customer' and @Schema='dbo']","object_type":"Table"}},{"outputs":[],"execution_count":0,"cell_type":"code","source":["/****** Object:  Table [dbo].[Customer]    Script Date: 8/25/2021 10:29:52 PM ******/\r\nSET ANSI_NULLS ON\r\n","GO\r\n","SET QUOTED_IDENTIFIER ON\r\n","GO\r\n","CREATE TABLE [dbo].[Customer](\r\n\t[cUserName] [nvarchar](50) NULL,\r\n\t[cPassWord] [nvarchar](50) NULL,\r\n\t[FullName] [nvarchar](200) NULL,\r\n\t[phone] [varchar](12) NULL,\r\n\t[address] [nvarchar](200) NULL,\r\n\t[money] [money] NULL,\r\n\t[Cid] [int] NOT NULL,\r\n\t[Pid] [int] NOT NULL,\r\nPRIMARY KEY CLUSTERED \r\n(\r\n\t[Cid] ASC\r\n)WITH (PAD_INDEX = OFF, STATISTICS_NORECOMPUTE = OFF, IGNORE_DUP_KEY = OFF, ALLOW_ROW_LOCKS = ON, ALLOW_PAGE_LOCKS = ON, OPTIMIZE_FOR_SEQUENTIAL_KEY = OFF) ON [PRIMARY]\r\n) ON [PRIMARY]\r\nGO\r\n"],"metadata":{"urn":"Server[@Name='VUXPHUC']/Database[@Name='HE140168']/Table[@Name='Customer' and @Schema='dbo']","object_type":"Table"}},{"cell_type":"markdown","source":["# [dbo].[Product]"],"metadata":{"urn":"Server[@Name='VUXPHUC']/Database[@Name='HE140168']/Table[@Name='Product' and @Schema='dbo']","object_type":"Table"}},{"outputs":[],"execution_count":0,"cell_type":"code","source":["/****** Object:  Table [dbo].[Product]    Script Date: 8/25/2021 10:29:52 PM ******/\r\nSET ANSI_NULLS ON\r\n","GO\r\n","SET QUOTED_IDENTIFIER ON\r\n","GO\r\n","CREATE TABLE [dbo].[Product](\r\n\t[Pid] [int] NOT NULL,\r\n\t[pUserName] [nvarchar](50) NULL,\r\n\t[image] [nvarchar](1000) NULL,\r\n\t[price] [money] NULL,\r\n\t[quantity] [int] NULL,\r\n\t[willsale] [int] NULL,\r\n\t[pDescription] [nvarchar](max) NULL,\r\n\t[Cid] [int] NOT NULL,\r\n\t[CaId] [int] NOT NULL,\r\nPRIMARY KEY CLUSTERED \r\n(\r\n\t[Pid] ASC\r\n)WITH (PAD_INDEX = OFF, STATISTICS_NORECOMPUTE = OFF, IGNORE_DUP_KEY = OFF, ALLOW_ROW_LOCKS = ON, ALLOW_PAGE_LOCKS = ON, OPTIMIZE_FOR_SEQUENTIAL_KEY = OFF) ON [PRIMARY]\r\n) ON [PRIMARY] TEXTIMAGE_ON [PRIMARY]\r\nGO\r\n"],"metadata":{"urn":"Server[@Name='VUXPHUC']/Database[@Name='HE140168']/Table[@Name='Product' and @Schema='dbo']","object_type":"Table"}},{"cell_type":"markdown","source":["# [dbo].[Bill]"],"metadata":{"urn":"Server[@Name='VUXPHUC']/Database[@Name='HE140168']/Table[@Name='Bill' and @Schema='dbo']","object_type":"Table"}},{"outputs":[],"execution_count":0,"cell_type":"code","source":["INSERT [dbo].[Bill] ([Bid], [datecreate], [total], [buyName], [buyAddress], [buyPhone]) VALUES (1, CAST(N'2021-08-07T00:00:00.000' AS DateTime), 800.0000, N'Phuc', N'hà Nội', N'090909090')\r\n","INSERT [dbo].[Bill] ([Bid], [datecreate], [total], [buyName], [buyAddress], [buyPhone]) VALUES (5, CAST(N'2021-07-06T19:56:30.000' AS DateTime), 49.3800, N'Vũ Văn Tuấn', N'Hải dương', N'039999333')\r\n","INSERT [dbo].[Bill] ([Bid], [datecreate], [total], [buyName], [buyAddress], [buyPhone]) VALUES (6, CAST(N'2021-07-06T19:56:59.000' AS DateTime), 21.1900, N'Vũ Văn Tuấn', N'Hải dương', N'039999333')\r\n","INSERT [dbo].[Bill] ([Bid], [datecreate], [total], [buyName], [buyAddress], [buyPhone]) VALUES (7, CAST(N'2021-07-06T20:00:19.000' AS DateTime), 1250.0000, N'Vũ Văn Tuấn', N'Hải dương', N'039999333')\r\n","INSERT [dbo].[Bill] ([Bid], [datecreate], [total], [buyName], [buyAddress], [buyPhone]) VALUES (8, CAST(N'2021-07-06T20:03:16.000' AS DateTime), 10.0000, N'Vũ Văn Tuấn', N'Hải dương', N'039999333')\r\n","INSERT [dbo].[Bill] ([Bid], [datecreate], [total], [buyName], [buyAddress], [buyPhone]) VALUES (9, CAST(N'2021-07-06T20:04:44.000' AS DateTime), 8.2000, N'Vũ Văn Tuấn', N'Hải dương', N'039999333')\r\n","INSERT [dbo].[Bill] ([Bid], [datecreate], [total], [buyName], [buyAddress], [buyPhone]) VALUES (10, CAST(N'2021-07-06T21:58:04.000' AS DateTime), 1738.0000, N'manh', N'Là Hải Dương', N'0990909090')\r\n","INSERT [dbo].[Bill] ([Bid], [datecreate], [total], [buyName], [buyAddress], [buyPhone]) VALUES (11, CAST(N'2021-07-12T08:46:59.000' AS DateTime), 800.0000, N'Tuấn Ngu', N'Hải Dương', N'0936876578')\r\n","GO\r\n"],"metadata":{"urn":"Server[@Name='VUXPHUC']/Database[@Name='HE140168']/Table[@Name='Bill' and @Schema='dbo']","object_type":"Table"}},{"cell_type":"markdown","source":["# [dbo].[BillDetail]"],"metadata":{"urn":"Server[@Name='VUXPHUC']/Database[@Name='HE140168']/Table[@Name='BillDetail' and @Schema='dbo']","object_type":"Table"}},{"outputs":[],"execution_count":0,"cell_type":"code","source":["INSERT [dbo].[BillDetail] ([Bid], [Pid], [quantity], [price]) VALUES (1, 1, 1, 800.0000)\r\n","INSERT [dbo].[BillDetail] ([Bid], [Pid], [quantity], [price]) VALUES (11, 1, 1, 800.0000)\r\n","INSERT [dbo].[BillDetail] ([Bid], [Pid], [quantity], [price]) VALUES (5, 7, 1, 12.9900)\r\n","INSERT [dbo].[BillDetail] ([Bid], [Pid], [quantity], [price]) VALUES (5, 12, 1, 13.2900)\r\n","INSERT [dbo].[BillDetail] ([Bid], [Pid], [quantity], [price]) VALUES (6, 8, 1, 8.2000)\r\n","INSERT [dbo].[BillDetail] ([Bid], [Pid], [quantity], [price]) VALUES (7, 2, 1, 10.0000)\r\n","INSERT [dbo].[BillDetail] ([Bid], [Pid], [quantity], [price]) VALUES (7, 4, 2, 620.0000)\r\n","INSERT [dbo].[BillDetail] ([Bid], [Pid], [quantity], [price]) VALUES (8, 2, 1, 10.0000)\r\n","INSERT [dbo].[BillDetail] ([Bid], [Pid], [quantity], [price]) VALUES (10, 5, 1, 1183.0000)\r\n","INSERT [dbo].[BillDetail] ([Bid], [Pid], [quantity], [price]) VALUES (5, 8, 1, 8.2000)\r\n","INSERT [dbo].[BillDetail] ([Bid], [Pid], [quantity], [price]) VALUES (5, 14, 1, 14.9000)\r\n","INSERT [dbo].[BillDetail] ([Bid], [Pid], [quantity], [price]) VALUES (6, 7, 1, 12.9900)\r\n","INSERT [dbo].[BillDetail] ([Bid], [Pid], [quantity], [price]) VALUES (9, 8, 1, 8.2000)\r\n","INSERT [dbo].[BillDetail] ([Bid], [Pid], [quantity], [price]) VALUES (10, 3, 1, 545.0000)\r\n","INSERT [dbo].[BillDetail] ([Bid], [Pid], [quantity], [price]) VALUES (10, 2, 1, 10.0000)\r\n","GO\r\n"],"metadata":{"urn":"Server[@Name='VUXPHUC']/Database[@Name='HE140168']/Table[@Name='BillDetail' and @Schema='dbo']","object_type":"Table"}},{"cell_type":"markdown","source":["# [dbo].[Category]"],"metadata":{"urn":"Server[@Name='VUXPHUC']/Database[@Name='HE140168']/Table[@Name='Category' and @Schema='dbo']","object_type":"Table"}},{"outputs":[],"execution_count":0,"cell_type":"code","source":["INSERT [dbo].[Category] ([CaId], [CaName]) VALUES (1, N'Electronic accessories')\r\n","INSERT [dbo].[Category] ([CaId], [CaName]) VALUES (2, N'LapTop')\r\n","INSERT [dbo].[Category] ([CaId], [CaName]) VALUES (3, N'SmartPhone')\r\n","INSERT [dbo].[Category] ([CaId], [CaName]) VALUES (4, N'Fashion accessories')\r\n","INSERT [dbo].[Category] ([CaId], [CaName]) VALUES (5, N'Clothes')\r\n","INSERT [dbo].[Category] ([CaId], [CaName]) VALUES (6, N'Houseware')\r\n","INSERT [dbo].[Category] ([CaId], [CaName]) VALUES (7, N'Jewelry & cosmetics')\r\n","INSERT [dbo].[Category] ([CaId], [CaName]) VALUES (8, N'Childen Clothes')\r\n","GO\r\n"],"metadata":{"urn":"Server[@Name='VUXPHUC']/Database[@Name='HE140168']/Table[@Name='Category' and @Schema='dbo']","object_type":"Table"}},{"cell_type":"markdown","source":["# [dbo].[Customer]"],"metadata":{"urn":"Server[@Name='VUXPHUC']/Database[@Name='HE140168']/Table[@Name='Customer' and @Schema='dbo']","object_type":"Table"}},{"outputs":[],"execution_count":0,"cell_type":"code","source":["INSERT [dbo].[Customer] ([cUserName], [cPassWord], [FullName], [phone], [address], [money], [Cid], [Pid]) VALUES (N'Admin', N'123', N'ADMIN', N'000000000', NULL, NULL, 0, 0)\r\n","INSERT [dbo].[Customer] ([cUserName], [cPassWord], [FullName], [phone], [address], [money], [Cid], [Pid]) VALUES (N'Phucvxhe140168', N'123456', N'Vũ Xuân Phúc', N'099090909', N'Hà Nội', 100.5030, 1, 1)\r\n","INSERT [dbo].[Customer] ([cUserName], [cPassWord], [FullName], [phone], [address], [money], [Cid], [Pid]) VALUES (N'Tuanvv', N'123', N'Tuấn Ngu', N'0936876578', N'Hải Dương', 2118.2000, 2, 2)\r\n","INSERT [dbo].[Customer] ([cUserName], [cPassWord], [FullName], [phone], [address], [money], [Cid], [Pid]) VALUES (N'Manhvd', N'123456', N'manh', N'01239123', N'Hải Dương', 0.0000, 3, 3)\r\n","GO\r\n"],"metadata":{"urn":"Server[@Name='VUXPHUC']/Database[@Name='HE140168']/Table[@Name='Customer' and @Schema='dbo']","object_type":"Table"}},{"cell_type":"markdown","source":["# [dbo].[Product]"],"metadata":{"urn":"Server[@Name='VUXPHUC']/Database[@Name='HE140168']/Table[@Name='Product' and @Schema='dbo']","object_type":"Table"}},{"outputs":[],"execution_count":0,"cell_type":"code","source":["INSERT [dbo].[Product] ([Pid], [pUserName], [image], [price], [quantity], [willsale], [pDescription], [Cid], [CaId]) VALUES (1, N'Camera SONY', N'shop02.png', 800.0000, 26, 0, N'Máy quay FX3 thu?c Cinema Line có d? nh?y sáng cao và kh? nang bi?u d?t d?m ch?t di?n ?nh ? ch? d? full-frame, trong thi?t k? g?n nh? d?n không ng?. V?i kh? nang di d?ng t?t hon giúp b?n d? dàng thao tác d?c l?p, cùng các tính nang v?n hành chuyên nghi?p, dây là công c? sáng t?o lý tu?ng d? ghi l?i c?nh phim d?m ch?t di?n ?nh ? b?t k? dâu.', 2, 1)\r\n","INSERT [dbo].[Product] ([Pid], [pUserName], [image], [price], [quantity], [willsale], [pDescription], [Cid], [CaId]) VALUES (2, N'Tai Nghe có dây', N'shop03.png', 10.0000, 115, 0, N'Mang đến Trải nghiệm âm Thanh tốt', 2, 1)\r\n","INSERT [dbo].[Product] ([Pid], [pUserName], [image], [price], [quantity], [willsale], [pDescription], [Cid], [CaId]) VALUES (3, N'Laptop DELL', N'product08.png', 545.0000, 8, 0, N'[New 100% Full box] Dell Inspiron 5402, bảo mật vân tay ( i5-1135G7 , RAM 8G, SSD NVMe 256G, VGA Intel Iris Xe G7, màn 14\" Full HD IPS)', 2, 2)\r\n","INSERT [dbo].[Product] ([Pid], [pUserName], [image], [price], [quantity], [willsale], [pDescription], [Cid], [CaId]) VALUES (4, N'SamSung Galaxy note 5', N'product07.png', 620.0000, 4, 0, N'Màn hình\r\n\r\nCông nghệ màn hình:\r\n\r\nSuper AMOLED\r\nĐộ phân giải:\r\n\r\n2K (1440 x 2560 Pixels)\r\nMàn hình rộng:\r\n\r\n5.7\"\r\nMặt kính cảm ứng:\r\n\r\nKính cường lực Corning Gorilla Glass 4\r\nCamera sau\r\n\r\nĐộ phân giải:\r\n16 MP\r\nQuay phim:\r\n\r\n4K 2160p@30fps\r\nĐèn Flash:\r\n\r\nCó\r\nTính năng:\r\n\r\nẢnh Raw\r\n\r\nTự động lấy nét (AF)\r\n\r\nChạm lấy nét\r\n\r\nNhận diện khuôn mặt\r\n\r\nHDR\r\n\r\nToàn cảnh (Panorama)\r\n\r\nChống rung quang học (OIS)\r\n\r\nCamera trước\r\n\r\nĐộ phân giải:\r\n5 MP\r\nTính năng:\r\n\r\nGóc rộng (Wide)\r\n\r\nLàm đẹp\r\n\r\nChống rung\r\n\r\nChụp bằng giọng nói\r\n\r\nNhận diện khuôn mặt\r\n\r\nChụp bằng cử chỉ\r\n\r\nHệ điều hành & CPU\r\n\r\nChip xử lý (CPU):\r\n\r\nExynos 7420\r\nTốc độ CPU:\r\n4 nhân 1.5 GHz & 4 nhân 2.1 GHz\r\nChip đồ họa (GPU):\r\n\r\nMali-T760\r\nBộ nhớ & Lưu trữ\r\n\r\nRAM:\r\n4 GB\r\nBộ nhớ trong:\r\n\r\n32 GB\r\nBộ nhớ còn lại (khả dụng) khoảng:\r\n\r\n24.6 GB\r\nDanh bạ:\r\n\r\nKhông giới hạn\r\nKết nối\r\n\r\nSIM:\r\n\r\n1 Nano SIM\r\nWifi:\r\n\r\nWi-Fi 802.11 a/b/g/n/ac\r\n\r\nDual-band (2.4 GHz/5 GHz)\r\n\r\nDLNA\r\n\r\nWi-Fi Direct\r\n\r\nWi-Fi hotspot\r\n\r\nGPS:\r\n\r\nA-GPSGLONASS\r\nBluetooth:\r\n\r\nCó\r\n\r\nA2DP\r\n\r\nLE\r\n\r\nCổng kết nối/sạc:\r\n\r\nMicro USB\r\nJack tai nghe:\r\n\r\n3.5 mm\r\nKết nối khác:\r\n\r\nNFC\r\n\r\nOTG\r\n\r\nMiracast\r\n\r\nPin & Sạc\r\n\r\nLoại pin:\r\n\r\nLi-Po\r\nDung lượng pin:\r\n\r\n3000 mAh\r\nCông nghệ pin:\r\n\r\nSạc nhanh Quick Charge 2.0\r\n\r\nSạc không dây\r\n\r\nSiêu tiết kiệm pin\r\n\r\nTiết kiệm pin\r\n\r\nTiện ích\r\n\r\nBảo mật nâng cao:\r\n\r\nMở khóa bằng vân tay\r\nTính năng đặc biệt:\r\n\r\nTương thích kính thực tế ảo Gear VR\r\nGhi âm:\r\n\r\nCó\r\nXem phim:\r\n\r\nH.265\r\n\r\n3GP\r\n\r\nMP4\r\n\r\nAVI\r\n\r\nWMV\r\n\r\nH.263\r\n\r\nH.264(MPEG4-AVC)\r\n\r\nDivX\r\n\r\nXvid\r\n\r\nNghe nhạc:\r\n\r\nMP3\r\n\r\nWAV\r\n\r\neAAC+\r\n\r\nFLAC\r\n\r\nThông tin chung\r\n\r\nChất liệu:\r\n\r\nKhung kim loại & Mặt lưng kính cường lực\r\nKích thước, khối lượng:\r\n\r\nNặng 171 g\r\nThời điểm ra mắt:\r\n\r\n8/2015', 2, 3)\r\n","INSERT [dbo].[Product] ([Pid], [pUserName], [image], [price], [quantity], [willsale], [pDescription], [Cid], [CaId]) VALUES (5, N'LaptopDell Gaming', N'product06.png', 1183.0000, 16, 0, N'[Mới 100%] Dell Gaming G15 5510 ( i5-10200H, RAM 8G, SSD 256G, VGA Nvidia GTX 1650- 4G, màn 15.6 inch Full HD IPS, 120Hz)', 2, 2)\r\n","INSERT [dbo].[Product] ([Pid], [pUserName], [image], [price], [quantity], [willsale], [pDescription], [Cid], [CaId]) VALUES (6, N'Tai Nghe không dây', N'product05.png', 98.0000, 50, 0, N'kết nối nhanh ko độ delay', 2, 1)\r\n","INSERT [dbo].[Product] ([Pid], [pUserName], [image], [price], [quantity], [willsale], [pDescription], [Cid], [CaId]) VALUES (7, N'Balo Fit Y Nguyên Bản 18- Ver1', N'1774bcb6-3458-0400-f786-0017fef4f3c0.jpg', 12.9900, 34, 0, N'Balo Fit Thiên Nhiên Kì Vĩ Darkness Hunters Ver2\r\n- Chất liệu: 900HD PU in chuyển nhiệt + Lót 210HD Đen\r\n- Bên trong lưng balo là 1 tấm EVA chống sốc\r\n- Đệm quai đeo Air mesh êm\r\n- PE foam 5mm chống sốc tuyệt đối\r\n- Dây kéo + Đầu kéo YKK #5 - #8\r\n- Logo TPR chữ Y\r\n- Thiết kế: Nhiều ngăn tiện dụng:\r\n+ Ngăn Laptop\r\n+ Ngăn nhỏ dây kéo bên trong\r\n+ 2 ngăn hông tiện dụng\r\nKích thước: 42 x 30 x 12.5 cm', 1, 4)\r\n","INSERT [dbo].[Product] ([Pid], [pUserName], [image], [price], [quantity], [willsale], [pDescription], [Cid], [CaId]) VALUES (8, N'Ao Thun Cổ Tròn Y Nguyên Bản 18+ M14', N'd29ecb57-9a3b-0b00-84de-00179f0b52cb.jpg', 8.2000, 205, 0, N'Chat liệu: Cotton Compact\r\nThành phần: 100% cotton\r\n- Thân thiện\r\n- Thấm hút thoát ẩm\r\n- Mềm mại\r\n- Kiểm soát mùi\r\n- Điều hòa nhiệt\r\n+ Họa tiết in nước\r\n- HDSD:\r\n+ Nên giặt chung với sản phẩm cùng màu\r\n+ Không dùng thuốc tẩy hoặc xà phòng có tính tẩy mạnh\r\n+ Nên phơi trong bóng râm để giữ sp bền màu', 1, 5)\r\n","INSERT [dbo].[Product] ([Pid], [pUserName], [image], [price], [quantity], [willsale], [pDescription], [Cid], [CaId]) VALUES (9, N'Laptop Acer', N'product03.png', 1890.0000, 5, 0, N'Laptop Acer Aspire A315-56-502X NX.HS5SV.00F (Core i5 1035G1/4Gb/256Gb SSD/ 15.6\" FHD-IPS/VGA ON/Win10/Black)\r\nNhóm khách hàng học sinh, sinh viên, nhân viên văn phòng hiện nay đang trở thành mục tiêu của các nhà sản xuất laptop hướng tới và chăm sóc nhiệt tình hơn. Nắm bắt được yêu cầu của những người dùng này là sự linh hoạt, tiện dụng trong các công việc, học tập, giá thành phải chăng là điều mà hầu hết người dùng laptop mong muốn. Nhiều thương hiệu lớn trên thế giới đã cho ra mắt các laptop học tập - văn phòng phù hợp cho giới trẻ với đáp ứng đầy đủ tác vụ học tập hay thư giãn, giải trí. Trong tập hợp các sản phẩm này không thể không nhắc đến laptop Acer, một cái tên quá quen thuộc được người dùng Việt Nam tin tưởng sử dụng lâu năm với các dòng máy tính từ bình dân đến cao cấp đều có thể tìm được ở thương hiệu này. Nếu bạn đang muốn tìm một sản phẩm laptop mang cấu hình khá với giá thành hợp lý thì Laptop Acer Aspire A315-56-502X NX.HS5SV.00F là một sản phẩm đáng được chú ý.', 2, 2)\r\n","INSERT [dbo].[Product] ([Pid], [pUserName], [image], [price], [quantity], [willsale], [pDescription], [Cid], [CaId]) VALUES (11, N'Balo Fit Thiên Nhiên Kì Vĩ Darkness Hunters Ver2', N'af4cd5f6-29da-1100-1832-0017fc65229a.jpg', 13.2900, 35, 0, N'Balo Fit Thiên Nhiên Kì Vĩ Darkness Hunters Ver2\r\n- Chất liệu: 900HD PU in chuyển nhiệt + Lót 210HD Đen\r\n- Bên trong lưng balo là 1 tấm EVA chống sốc\r\n- Đệm quai đeo Air mesh êm\r\n- PE foam 5mm chống sốc tuyệt đối\r\n- Dây kéo + Đầu kéo YKK #5 - #8\r\n- Logo TPR chữ Y\r\n- Họa tiết thêu\r\n- Thiết kế: Nhiều ngăn tiện dụng:\r\n+ Ngăn Laptop\r\n+ Ngăn nhỏ dây kéo bên trong\r\n+ 2 ngăn hông tiện dụng\r\nKích thước: 42 x 30 x 12.5 cm', 1, 4)\r\n","INSERT [dbo].[Product] ([Pid], [pUserName], [image], [price], [quantity], [willsale], [pDescription], [Cid], [CaId]) VALUES (12, N'Balo Fit Thiên Nhiên Kì Vĩ Darkness Hunters Ver3', N'24cd8c32-ae8b-1000-2c75-0017fc651aa4.jpg', 13.2900, 35, 0, N'Balo Fit Thiên Nhiên Kì Vĩ Darkness Hunters Ver2\r\n- Chất liệu: 900HD PU in chuyển nhiệt + Lót 210HD Đen\r\n- Bên trong lưng balo là 1 tấm EVA chống sốc\r\n- Đệm quai đeo Air mesh êm\r\n- PE foam 5mm chống sốc tuyệt đối\r\n- Dây kéo + Đầu kéo YKK #5 - #8\r\n- Logo TPR chữ Y\r\n- Họa tiết thêu\r\n- Thiết kế: Nhiều ngăn tiện dụng:\r\n+ Ngăn Laptop\r\n+ Ngăn nhỏ dây kéo bên trong\r\n+ 2 ngăn hông tiện dụng\r\nKích thước: 42 x 30 x 12.5 cm', 1, 4)\r\n","INSERT [dbo].[Product] ([Pid], [pUserName], [image], [price], [quantity], [willsale], [pDescription], [Cid], [CaId]) VALUES (13, N'uan Short Y Nguyên Bản 18- Summer Ver1', N'fc30243a-c40d-0e00-47ec-0017fd27b35c.jpg', 9.8000, 137, 0, N'Chat liệu: Vải dù - in chuyển nhiệt\r\nThành phần: 100% poly\r\n- Co giãn 2 chiều\r\n- Bề mặt mềm mại\r\n- Nhanh khô\r\n- Độ bền cao\r\n- HDSD:\r\n+ Nên sử dụng các loại bột giặt dịu nhẹ hoặc đã được pha loãng tránh các chất hóa học mạnh sẽ làm hổng chất lượng vải.\r\n+ Nên lộn mặt trái sản phẩm khi giặt, không nên dùng bàn chải quá cứng chà xát mạnh lên bề mặt vải.\r\n+ GIặt ủi nhiệt độ thường tránh nhiệt độ quá cao sẽ ảnh hưởng đến chất lượng hình in.\r\n+ Phơi trong bóng râm tránh nắng gắt .', 1, 5)\r\n","INSERT [dbo].[Product] ([Pid], [pUserName], [image], [price], [quantity], [willsale], [pDescription], [Cid], [CaId]) VALUES (14, N'Quan Dài Jogger Đơn Giản M6', N'5f42a03b-ea48-1100-d694-0017f705426e.jpg', 14.9000, 93, 0, N'Chat liệu: Vải Kaki Thun\r\nThành phần: 96% cotton 4% spandex\r\n- Mềm- Mịn-Mát\r\n- Giữ Phom dáng\r\n- Co giãn tối ưu\r\n-Thân thiên\r\n- Nguồn gốc tự nhiên\r\n-Thấm hút thoát ẩm', 1, 5)\r\n","INSERT [dbo].[Product] ([Pid], [pUserName], [image], [price], [quantity], [willsale], [pDescription], [Cid], [CaId]) VALUES (15, N'Ao Thun Cổ Tròn Y Nguyên Bản 18+ Ver1', N'481b5209-23e9-1d00-830e-0017ecaadbae.jpg', 8.9200, 49, 0, N'2', 1, 4)\r\n","INSERT [dbo].[Product] ([Pid], [pUserName], [image], [price], [quantity], [willsale], [pDescription], [Cid], [CaId]) VALUES (16, N'PKTT Dây Nịt Đơn Giản M15', N'5cc05078-4910-0b01-eb9a-0017bfeae1a7.jpg', 11.2000, 34, 0, N'Da Bò Thật 100%', 1, 4)\r\n","INSERT [dbo].[Product] ([Pid], [pUserName], [image], [price], [quantity], [willsale], [pDescription], [Cid], [CaId]) VALUES (17, N'iphone 12', N'ip12.png', 1434.0000, 21, 0, N'Kích thước màn hình 6.7 inches Công nghệ màn hình OLED Camera sau Camera chính: 12 MP, f/1.6, 26mm, 1.4µm, dual pixel PDAF, OIS Camera tele: 12 MP, f/2.0, 52mm, 1/3.4\", 1.0µm, PDAF, OIS, 2x optical zoom Camera góc siêu rộng: 12 MP, f/2.4, 120˚, 13mm, 1/3.6\" Cảm biến: TOF 3D LiDAR scanner Camera trước 12 MP, f/2.2, 23mm (wide), 1/3.6\" SL 3D, (depth/biometrics sensor) Chipset Apple A14 Bionic (5 nm) Dung lượng RAM 6 GB Bộ nhớ trong 128 GB Pin Li-Ion, sạc nhanh 20W, sạc không dây 15W, USB Power Delivery 2.0 Thẻ SIM 2 SIM (nano‑SIM và eSIM) Hệ điều hành iOS 14.1 hoặc cao hơn (Tùy vào phiên bản phát hành)', 2, 3)\r\n","INSERT [dbo].[Product] ([Pid], [pUserName], [image], [price], [quantity], [willsale], [pDescription], [Cid], [CaId]) VALUES (18, N'Máy tính bảng 4G RAM 64G ROM 10.1 inch', N'product04.png', 800.0000, 123, 0, N'Màn hình\tMàn hình IPS 10.1 inch 1280 x 800\r\nHãng sản xuất\tTQ\r\nCảm ứng\tĐiện dung đa điểm 10 điểm cùng lúc\r\nMàu sắc\tGold\r\nHệ điều hành\tAndroid 6.0\r\nBộ nhớ trong\t64GB\r\nRAM\t4GB\r\nChip\tChip 4 nhân MT6582 xung nhịp 1.6Ghz\r\nSim\t2 khay sim\r\nGắn sim 3G\tCó + Gọi điện + nhắn tin\r\nĐồ họa GPU\tMali 450\r\nKết nối internet\tWifi 802.11ac\r\nPin\t4400mAH \r\nHỗ trợ kết nối máy tính\tCó\r\nHỗ trợ OTG\tCó\r\nGPS\tCó\r\nBluetooth\tCó\r\nHỗ trợ xem video\t3GP, MPEG1/2/4, FLV, MJPG, H263, H264 etc. formats HD video playback, support H.263, MPEG-1/2 MP/, MPEG 4-ASP, VC-1, Real Video 8/9/10, H.264(AVC) viedo decoding\r\nHỗ trợ Audio\tMP3, WMA, MP2, OGG, AAC, M4A, MA4, FLAC, APE etc. formats với phụ đề và lời bài hát\r\nAudio Ouput\tCó\r\nỨng dụng văn phòng\tE-book, Office, Microsoft Word, Excel, PPT và PDF\r\nỨng dụng chat\tMSN, Yahoo, SKYPE, fring.v.v.\r\nMạng xã hội\tFacebook, ZingMe,…\r\nEbook\tTXT, CHM, UMD, PDB, PDF etc. formats\r\nHỗ trợ FLASH\tCó\r\nGhi âm\tCó', 2, 1)\r\n","INSERT [dbo].[Product] ([Pid], [pUserName], [image], [price], [quantity], [willsale], [pDescription], [Cid], [CaId]) VALUES (19, N'Tai Nghe bluetooth', N'download.jpg', 123.0000, 21, 0, N'tai nghe bluetôth thế hệ mới nhất\r\ncó khả năng chống ồn khi bị vợ mắng\r\nchống nước khi đi bể bơi', 2, 1)\r\n","INSERT [dbo].[Product] ([Pid], [pUserName], [image], [price], [quantity], [willsale], [pDescription], [Cid], [CaId]) VALUES (20, N'Điện thoại Samsung Galaxy A22', N'samsung-galaxy-a22-4g-note.jpg', 230.0000, 10, 0, N'Super AMOLED6.4\"HD+\r\nHệ điều hành:\r\n\r\nAndroid 11\r\nCamera sau:\r\n\r\nChính 48 MP & Phụ 8 MP, 2 MP, 2 MP\r\nCamera trước:\r\n\r\n13 MP\r\nChip:\r\n\r\nMediaTek MT6769V\r\nRAM:\r\n\r\n6 GB\r\nBộ nhớ trong:\r\n\r\n128 GB\r\nSIM:\r\n\r\n2 Nano SIMHỗ trợ 4G\r\nPin, Sạc:\r\n\r\n5000 mAh15 W', 2, 3)\r\n","GO\r\n"],"metadata":{"urn":"Server[@Name='VUXPHUC']/Database[@Name='HE140168']/Table[@Name='Product' and @Schema='dbo']","object_type":"Table"}},{"cell_type":"markdown","source":["# [FK__BillDetail__Bid__5165187F]"],"metadata":{"urn":"Server[@Name='VUXPHUC']/Database[@Name='HE140168']/Table[@Name='BillDetail' and @Schema='dbo']/ForeignKey[@Name='FK__BillDetail__Bid__5165187F']","object_type":"ForeignKey"}},{"outputs":[],"execution_count":0,"cell_type":"code","source":["ALTER TABLE [dbo].[BillDetail]  WITH CHECK ADD FOREIGN KEY([Bid])\r\nREFERENCES [dbo].[Bill] ([Bid])\r\n","GO\r\n"],"metadata":{"urn":"Server[@Name='VUXPHUC']/Database[@Name='HE140168']/Table[@Name='BillDetail' and @Schema='dbo']/ForeignKey[@Name='FK__BillDetail__Bid__5165187F']","object_type":"ForeignKey"}},{"cell_type":"markdown","source":["# [FK__Product__CaId__2F10007B]"],"metadata":{"urn":"Server[@Name='VUXPHUC']/Database[@Name='HE140168']/Table[@Name='Product' and @Schema='dbo']/ForeignKey[@Name='FK__Product__CaId__2F10007B']","object_type":"ForeignKey"}},{"outputs":[],"execution_count":0,"cell_type":"code","source":["ALTER TABLE [dbo].[Product]  WITH CHECK ADD FOREIGN KEY([CaId])\r\nREFERENCES [dbo].[Category] ([CaId])\r\n","GO\r\n"],"metadata":{"urn":"Server[@Name='VUXPHUC']/Database[@Name='HE140168']/Table[@Name='Product' and @Schema='dbo']/ForeignKey[@Name='FK__Product__CaId__2F10007B']","object_type":"ForeignKey"}},{"cell_type":"markdown","source":["# [FK__Product__CaId__46E78A0C]"],"metadata":{"urn":"Server[@Name='VUXPHUC']/Database[@Name='HE140168']/Table[@Name='Product' and @Schema='dbo']/ForeignKey[@Name='FK__Product__CaId__46E78A0C']","object_type":"ForeignKey"}},{"outputs":[],"execution_count":0,"cell_type":"code","source":["ALTER TABLE [dbo].[Product]  WITH CHECK ADD FOREIGN KEY([CaId])\r\nREFERENCES [dbo].[Category] ([CaId])\r\n","GO\r\n"],"metadata":{"urn":"Server[@Name='VUXPHUC']/Database[@Name='HE140168']/Table[@Name='Product' and @Schema='dbo']/ForeignKey[@Name='FK__Product__CaId__46E78A0C']","object_type":"ForeignKey"}},{"cell_type":"markdown","source":["# [FK__Product__Cid__2E1BDC42]"],"metadata":{"urn":"Server[@Name='VUXPHUC']/Database[@Name='HE140168']/Table[@Name='Product' and @Schema='dbo']/ForeignKey[@Name='FK__Product__Cid__2E1BDC42']","object_type":"ForeignKey"}},{"outputs":[],"execution_count":0,"cell_type":"code","source":["ALTER TABLE [dbo].[Product]  WITH CHECK ADD FOREIGN KEY([Cid])\r\nREFERENCES [dbo].[Customer] ([Cid])\r\n","GO\r\n"],"metadata":{"urn":"Server[@Name='VUXPHUC']/Database[@Name='HE140168']/Table[@Name='Product' and @Schema='dbo']/ForeignKey[@Name='FK__Product__Cid__2E1BDC42']","object_type":"ForeignKey"}},{"cell_type":"markdown","source":["# [FK__Product__Cid__45F365D3]"],"metadata":{"urn":"Server[@Name='VUXPHUC']/Database[@Name='HE140168']/Table[@Name='Product' and @Schema='dbo']/ForeignKey[@Name='FK__Product__Cid__45F365D3']","object_type":"ForeignKey"}},{"outputs":[],"execution_count":0,"cell_type":"code","source":["ALTER TABLE [dbo].[Product]  WITH CHECK ADD FOREIGN KEY([Cid])\r\nREFERENCES [dbo].[Customer] ([Cid])\r\n","GO\r\n"],"metadata":{"urn":"Server[@Name='VUXPHUC']/Database[@Name='HE140168']/Table[@Name='Product' and @Schema='dbo']/ForeignKey[@Name='FK__Product__Cid__45F365D3']","object_type":"ForeignKey"}},{"cell_type":"markdown","source":["# [CK__BillDetai__quant__5070F446]"],"metadata":{"urn":"Server[@Name='VUXPHUC']/Database[@Name='HE140168']/Table[@Name='BillDetail' and @Schema='dbo']/Check[@Name='CK__BillDetai__quant__5070F446']","object_type":"Check"}},{"outputs":[],"execution_count":0,"cell_type":"code","source":["ALTER TABLE [dbo].[BillDetail]  WITH CHECK ADD CHECK  (([quantity]>(0)))\r\n","GO\r\n"],"metadata":{"urn":"Server[@Name='VUXPHUC']/Database[@Name='HE140168']/Table[@Name='BillDetail' and @Schema='dbo']/Check[@Name='CK__BillDetai__quant__5070F446']","object_type":"Check"}},{"cell_type":"markdown","source":["# [CK__Product__quantit__276EDEB3]"],"metadata":{"urn":"Server[@Name='VUXPHUC']/Database[@Name='HE140168']/Table[@Name='Product' and @Schema='dbo']/Check[@Name='CK__Product__quantit__276EDEB3']","object_type":"Check"}},{"outputs":[],"execution_count":0,"cell_type":"code","source":["ALTER TABLE [dbo].[Product]  WITH CHECK ADD CHECK  (([quantity]>(0)))\r\n","GO\r\n"],"metadata":{"urn":"Server[@Name='VUXPHUC']/Database[@Name='HE140168']/Table[@Name='Product' and @Schema='dbo']/Check[@Name='CK__Product__quantit__276EDEB3']","object_type":"Check"}}]}